{
    "f_s": 16000.0,
    "fir": {
        "type": "lowpass",
        "b": [
            4.816346840993155e-09,
            1.053563060979453e-08,
            -2.1615723830387967e-08,
            -1.0346277795558185e-07,
            -5.604918133657448e-08,
            3.608379094416415e-07,
            7.268855488544993e-07,
            -2.4383435264275114e-07,
            -2.6071555518397963e-06,
            -2.6095340528678035e-06,
            3.91704850774078e-06,
            1.1491710631820342e-05,
            3.909052340737837e-06,
            -2.253076578961002e-05,
            -3.436293973933956e-05,
            1.0703617221251896e-05,
            8.382738365722369e-05,
            6.868712067193927e-05,
            -9.212687969373134e-05,
            -0.00022821758582488552,
            -6.462840220842182e-05,
            0.00034897441409561885,
            0.00046813512421575357,
            -0.0001374915456757439,
            -0.0009329742274793167,
            -0.0006871245819113864,
            0.0008585909973858006,
            0.0019340523191793747,
            0.0004938970336701992,
            -0.0025421062651288977,
            -0.0031567366300713083,
            0.0008872568565100451,
            0.005542813187308811,
            0.0038263858346419054,
            -0.004569554796106688,
            -0.00973390617583682,
            -0.002343994838780695,
            0.011750773366914508,
            0.014034681577661742,
            -0.003878918490925404,
            -0.02345088716916921,
            -0.015925407802977954,
            0.01908825180014092,
            0.041055579630728464,
            0.010135673376006191,
            -0.05453066280510368,
            -0.07228713592262054,
            0.024223035125569985,
            0.20639178472307163,
            0.35340088499341626,
            0.35340088499341626,
            0.20639178472307163,
            0.024223035125569985,
            -0.07228713592262054,
            -0.05453066280510368,
            0.010135673376006191,
            0.041055579630728464,
            0.01908825180014092,
            -0.015925407802977954,
            -0.02345088716916921,
            -0.003878918490925404,
            0.014034681577661742,
            0.011750773366914508,
            -0.002343994838780695,
            -0.00973390617583682,
            -0.004569554796106688,
            0.0038263858346419054,
            0.005542813187308811,
            0.0008872568565100451,
            -0.0031567366300713083,
            -0.0025421062651288977,
            0.0004938970336701992,
            0.0019340523191793747,
            0.0008585909973858006,
            -0.0006871245819113864,
            -0.0009329742274793167,
            -0.0001374915456757439,
            0.00046813512421575357,
            0.00034897441409561885,
            -6.462840220842182e-05,
            -0.00022821758582488552,
            -9.212687969373134e-05,
            6.868712067193927e-05,
            8.382738365722369e-05,
            1.0703617221251896e-05,
            -3.436293973933956e-05,
            -2.253076578961002e-05,
            3.909052340737837e-06,
            1.1491710631820342e-05,
            3.91704850774078e-06,
            -2.6095340528678035e-06,
            -2.6071555518397963e-06,
            -2.4383435264275114e-07,
            7.268855488544993e-07,
            3.608379094416415e-07,
            -5.604918133657448e-08,
            -1.0346277795558185e-07,
            -2.1615723830387967e-08,
            1.053563060979453e-08,
            4.816346840993155e-09
        ]
    }
}